{"cameraMode":{"drawMode":0,"name":"Shaded","section":"Shading Mode"},"sceneLighting":false,"audioPlay":false,"sceneViewState":{"showFog":true,"showMaterialUpdate":false,"showSkybox":true,"showFlares":true,"showImageEffects":true,"showParticleSystems":true},"in2DMode":false,"pivot":{"x":1.7073924541473389,"y":-5.7890119552612309,"z":23.021839141845704},"rotation":{"x":-0.17098349332809449,"y":0.028076160699129106,"z":-0.00487434072420001,"w":-0.9848617315292358},"size":34.50778579711914,"orthographic":false}