{"cameraMode":{"drawMode":0,"name":"Shaded","section":"Shading Mode"},"sceneLighting":false,"audioPlay":false,"sceneViewState":{"showFog":true,"showMaterialUpdate":false,"showSkybox":true,"showFlares":true,"showImageEffects":true,"showParticleSystems":true},"in2DMode":false,"pivot":{"x":-1.2069461345672608,"y":8.99903678894043,"z":-0.6224424839019775},"rotation":{"x":-0.25930914282798769,"y":0.166452556848526,"z":-0.04542575404047966,"w":-0.9502573013305664},"size":6.126626968383789,"orthographic":false}