{"cameraMode":{"drawMode":0,"name":"Shaded","section":"Shading Mode"},"sceneLighting":false,"audioPlay":false,"sceneViewState":{"showFog":true,"showMaterialUpdate":false,"showSkybox":true,"showFlares":true,"showImageEffects":true,"showParticleSystems":true},"in2DMode":false,"pivot":{"x":23.84445571899414,"y":2.2185781002044679,"z":-29.58868408203125},"rotation":{"x":-0.1331232488155365,"y":0.6740254163742065,"z":-0.12536802887916566,"w":-0.7157169580459595},"size":9.402560234069825,"orthographic":false}