{"cameraMode":{"drawMode":0,"name":"Shaded","section":"Shading Mode"},"sceneLighting":false,"audioPlay":false,"sceneViewState":{"showFog":true,"showMaterialUpdate":false,"showSkybox":true,"showFlares":true,"showImageEffects":true,"showParticleSystems":true},"in2DMode":false,"pivot":{"x":-1.0952011346817017,"y":0.04646420478820801,"z":0.09646904468536377},"rotation":{"x":-0.16053014993667603,"y":0.7114858627319336,"z":-0.17252786457538606,"w":-0.6620061993598938},"size":5.590356349945068,"orthographic":false}