{"cameraMode":{"drawMode":0,"name":"Shaded","section":"Shading Mode"},"sceneLighting":false,"audioPlay":false,"sceneViewState":{"showFog":true,"showMaterialUpdate":false,"showSkybox":true,"showFlares":true,"showImageEffects":true,"showParticleSystems":true},"in2DMode":false,"pivot":{"x":0.3442445397377014,"y":2.3915205001831056,"z":-0.47786927223205569},"rotation":{"x":-0.05112939700484276,"y":-0.7102839350700378,"z":0.0518697090446949,"w":-0.700137197971344},"size":8.228447914123536,"orthographic":false}