{"cameraMode":{"drawMode":0,"name":"Shaded","section":"Shading Mode"},"sceneLighting":false,"audioPlay":false,"sceneViewState":{"showFog":true,"showMaterialUpdate":false,"showSkybox":true,"showFlares":true,"showImageEffects":true,"showParticleSystems":true},"in2DMode":false,"pivot":{"x":0.2649323344230652,"y":0.5131945610046387,"z":-0.8558483123779297},"rotation":{"x":0.0622967965900898,"y":0.7909020781517029,"z":-0.08166924118995667,"w":0.6032603979110718},"size":3.704396963119507,"orthographic":false}