{"cameraMode":{"drawMode":0,"name":"Shaded","section":"Shading Mode"},"sceneLighting":false,"audioPlay":false,"sceneViewState":{"showFog":true,"showMaterialUpdate":false,"showSkybox":true,"showFlares":true,"showImageEffects":true,"showParticleSystems":true},"in2DMode":false,"pivot":{"x":2.4407575130462648,"y":1.8100001811981202,"z":25.09000015258789},"rotation":{"x":0.11027990281581879,"y":-0.8182370662689209,"z":0.1674821525812149,"w":0.5387728810310364},"size":8.6317777633667,"orthographic":false}