{"cameraMode":{"drawMode":0,"name":"Shaded","section":"Shading Mode"},"sceneLighting":false,"audioPlay":false,"sceneViewState":{"showFog":true,"showMaterialUpdate":false,"showSkybox":true,"showFlares":true,"showImageEffects":true,"showParticleSystems":true},"in2DMode":false,"pivot":{"x":-0.17117035388946534,"y":0.5781717300415039,"z":-0.28281834721565249},"rotation":{"x":0.027626678347587587,"y":-0.13813358545303346,"z":0.003854691516608,"w":0.990020751953125},"size":5.868416786193848,"orthographic":false}